"id","name","read","pattern","sequence","feature_type"
"ADT_C0145","Hu.CD103","R2","5PNNNNNNNNNN(BC)","GACCTCATTGTGAAT","Antibody Capture"
"ADT_C0140","Hu.CD183","R2","5PNNNNNNNNNN(BC)","GCGATGGTAGATTAT","Antibody Capture"
"ADT_C0085","Hu.CD25","R2","5PNNNNNNNNNN(BC)","TTTGTCCTGTACGCC","Antibody Capture"
"ADT_C0154","Hu.CD27","R2","5PNNNNNNNNNN(BC)","GCACTCCTGCATGTA","Antibody Capture"
"ADT_C0088","Hu.CD279","R2","5PNNNNNNNNNN(BC)","ACAGCGCCGTATTTA","Antibody Capture"
"ADT_C0389","Hu.CD38_HIT2","R2","5PNNNNNNNNNN(BC)","TGTACCCGCTTGTGA","Antibody Capture"
"ADT_C0063","Hu.CD45RA","R2","5PNNNNNNNNNN(BC)","TCAATCCTTCCGCTT","Antibody Capture"
"ADT_C0087","Hu.CD45RO","R2","5PNNNNNNNNNN(BC)","CTCCGAATCATGTTG","Antibody Capture"
"ADT_C0147","Hu.CD62L","R2","5PNNNNNNNNNN(BC)","GTCCCTGCAACTTGA","Antibody Capture"
"ADT_C0146","Hu.CD69","R2","5PNNNNNNNNNN(BC)","GTCTCTTGGCTTAAA","Antibody Capture"
"HTO_C0251","Hu.Hashtag_1","R2","5PNNNNNNNNNN(BC)","GTCAACTCTTTAGCG","Multiplexing Capture"
"HTO_C0252","Hu.Hashtag_2","R2","5PNNNNNNNNNN(BC)","TGATGGCCTATTGGG","Multiplexing Capture"
"HTO_C0253","Hu.Hashtag_3","R2","5PNNNNNNNNNN(BC)","TTCCGCCTCTCTTTG","Multiplexing Capture"
"HTO_C0254","Hu.Hashtag_4","R2","5PNNNNNNNNNN(BC)","AGTAAGTTCAGCGTA","Multiplexing Capture"
"HTO_C0255","Hu.Hashtag_5","R2","5PNNNNNNNNNN(BC)","AAGTATCGTTTCGCA","Multiplexing Capture"
"HTO_C0256","Hu.Hashtag_6","R2","5PNNNNNNNNNN(BC)","GGTTGCCAGATGTCA","Multiplexing Capture"
"HTO_C0257","Hu.Hashtag_7","R2","5PNNNNNNNNNN(BC)","TGTCTTTCCTGCCAG","Multiplexing Capture"
"HTO_C0258","Hu.Hashtag_8","R2","5PNNNNNNNNNN(BC)","CTCCTCTGCAATTAC","Multiplexing Capture"
"HTO_C0259","Hu.Hashtag_9","R2","5PNNNNNNNNNN(BC)","CAGTAGTCACGGTCA","Multiplexing Capture"
