id,name,read,pattern,sequence,feature_type,
HTO_C0251,Hu.Hashtag_1,R2,5PNNNNNNNNNN(BC),GTCAACTCTTTAGCG,Antibody Capture,
HTO_C0252,Hu.Hashtag_2,R2,5PNNNNNNNNNN(BC),TGATGGCCTATTGGG,Antibody Capture,
HTO_C0253,Hu.Hashtag_3,R2,5PNNNNNNNNNN(BC),TTCCGCCTCTCTTTG,Antibody Capture,
HTO_C0254,Hu.Hashtag_4,R2,5PNNNNNNNNNN(BC),AGTAAGTTCAGCGTA,Antibody Capture,
HTO_C0255,Hu.Hashtag_5,R2,5PNNNNNNNNNN(BC),AAGTATCGTTTCGCA,Antibody Capture,
HTO_C0256,Hu.Hashtag_6,R2,5PNNNNNNNNNN(BC),GGTTGCCAGATGTCA,Antibody Capture,
HTO_C0257,Hu.Hashtag_7,R2,5PNNNNNNNNNN(BC),TGTCTTTCCTGCCAG,Antibody Capture,
HTO_C0258,Hu.Hashtag_8,R2,5PNNNNNNNNNN(BC),CTCCTCTGCAATTAC,Antibody Capture,
HTO_C0259,Hu.Hashtag_9,R2,5PNNNNNNNNNN(BC),CAGTAGTCACGGTCA,Antibody Capture,
